Ward,LocationCode,LocationName,Reg. Voters,Total Votes,Cesar Bello,Idris Ben-Tahir,Clive Doucet,Joseph Furtenbacher,Robert G. Gauthier,Andrew Haydon,Robert Larter,Robin Lawrance,Vincent Libweshya,Fraser Liscumb,Daniel J. Lyrette,Mike Maguire,Larry O'Brien,Julio Pita,Sean Ryan,Michael St. Arnaud,Jane Scharf,Charlie Taylor,Jim Watson,Samuel Wright
1,01-001,Des Voyageurs School ,3281,1503,1,1,199,0,9,82,2,2,,0,1,25,407,1,2,1,7,2,759,2
1,01-002,Convent Glen Catholic School,2948,1176,4,2,162,1,5,69,0,3,1,1,3,25,276,2,1,2,5,6,608,0
1,01-003,Residence Saint-Louis,286,32,0,0,1,0,2,2,0,1,0,0,0,0,1,0,0,1,0,0,24,0
1,01-004,Divine Infant Catholic Church,1755,594,0,1,88,0,3,34,0,2,0,0,1,13,133,0,2,0,1,4,311,1
1,01-005,Orleans Wood Elementary School,1930,816,2,0,104,1,4,50,1,1,0,1,1,13,185,0,3,0,5,2,442,1
1,01-006,Convent Glen Elementary School,2497,946,4,2,110,1,3,55,0,2,0,0,0,29,217,0,3,1,3,2,513,1
1,01-007,Orleans Villa,148,91,0,0,19,0,1,2,0,0,0,0,0,0,14,0,0,0,1,0,54,0
1,01-008,Divine Infant School,3248,1319,2,4,175,0,10,78,4,1,0,0,0,26,297,1,2,2,10,8,697,2
1,01-009,Ecole elementaire Reine-des-Bois,3775,1433,6,2,180,0,8,84,3,5,0,0,2,34,346,0,0,2,10,7,742,2
1,01-010,Our Lady of Wisdom School,3292,1346,4,1,169,1,9,74,1,2,1,1,0,30,350,0,0,2,4,4,693,0
1,01-011,Ecole Des Pionniers,4008,1445,4,4,170,0,11,67,0,1,1,2,0,30,339,1,3,0,7,3,802,0
1,01-012,Fallingbrook Community Centre,3368,1261,6,2,151,1,3,55,1,1,3,0,1,19,295,0,3,0,7,4,709,0
1,01-013,St. Francis of Assisi School,3026,1083,2,1,124,3,16,54,1,1,0,0,1,21,240,0,2,2,9,0,605,1
1,01-014,Queenswood Villa,53,25,0,0,2,0,2,0,0,1,0,0,0,0,5,1,0,0,0,0,14,0
1,01-015,St. Peter Catholic High School,3804,1312,5,1,146,3,19,54,1,4,0,0,2,25,305,0,4,2,7,4,729,1
1,01-016,The Promenade,35,19,0,0,2,0,1,1,0,0,0,0,0,0,8,0,0,0,0,0,7,0
1,01-017,Portebello Manor,109,61,0,0,12,0,0,3,2,0,0,0,0,0,14,0,0,0,0,0,30,0
1,01-018,Place Beausejour - Adv 1,0,78,1,0,5,0,1,3,0,0,0,0,0,0,16,0,0,1,0,0,51,0
1,01-019,Divine Infant Catholic Church Adv 1,0,672,1,5,44,1,15,89,0,0,0,0,1,12,170,1,1,0,3,2,327,0
1,01-020,Ottawa Public Library (Cumberland) - Adv 2,0,1096,9,1,55,2,10,83,2,0,0,1,1,30,319,1,1,1,5,4,568,3
10,10-001,Prince of Peace Catholic School,2789,626,13,8,65,1,1,29,3,1,1,1,0,14,115,5,3,1,4,2,357,2
10,10-002,Dunlop Public School,2077,816,1,1,124,1,2,31,1,0,2,1,0,22,252,0,2,0,4,1,368,3
10,10-003,Greenboro Community Centre,3754,1342,12,12,203,10,3,53,3,2,2,2,1,26,282,1,1,0,9,9,711,0
10,10-004,St. Marguerite d'Youville Catholic School,3585,1207,6,9,129,1,5,57,1,2,0,0,0,23,273,1,4,3,5,7,680,1
10,10-005,Robert Bateman Public School,3466,1244,8,2,116,5,3,49,1,2,0,1,0,28,313,0,3,5,7,0,700,1
10,10-006,St. Thomas More Catholic School,2671,1000,9,10,82,0,1,44,1,0,2,0,0,19,273,5,2,1,1,1,549,0
10,10-007,Hunt Club Manor,60,41,0,0,10,0,0,1,0,0,0,0,0,0,11,0,0,1,0,0,18,0
10,10-008,Elizabeth Park Public School,1940,515,2,1,77,1,1,24,0,0,1,0,0,10,114,1,1,1,1,1,279,0
10,10-009,Sawmill Creek Community Centre,1557,306,5,3,47,0,0,16,3,0,0,0,0,7,65,0,0,0,2,0,158,0
10,10-010,Ecole elementaire publique Gabrielle-Roy,1642,594,7,0,90,1,2,43,1,0,0,0,0,22,162,0,1,0,1,2,262,0
10,10-011,St. Bernard Catholic School,3178,1013,4,6,139,0,2,77,0,4,1,0,2,30,234,0,1,0,3,8,500,2
10,10-012,Ecole elementaire Sainte-Bernadette,2950,1077,5,1,124,2,6,64,0,2,1,2,1,28,331,2,1,1,3,1,502,0
10,10-013,Bridlewood Retirement Home,29,28,0,0,3,0,0,1,0,0,0,0,0,1,13,0,0,0,0,0,10,0
10,10-014,Heatherington Manor - Adv 1,0,33,1,2,0,1,3,6,0,1,0,0,0,3,4,0,0,0,0,0,12,0
10,10-015,Walkley Manor - Adv 1,0,88,4,0,4,1,5,12,0,2,0,1,1,5,14,0,1,1,0,2,35,0
10,10-016,Strathmore Towers B - Adv 1,0,99,0,0,15,0,0,16,0,0,0,0,0,3,28,0,0,0,0,1,36,0
10,10-017,Strathmore Towers A - Adv 1,0,88,0,0,5,0,0,16,0,1,0,0,1,1,26,0,0,0,0,0,38,0
10,10-018,Atrium I - Adv 1,0,77,0,0,6,0,0,4,0,0,0,0,0,2,35,0,0,0,0,0,30,0
10,10-019,Atrium II - Adv 1,0,115,0,0,4,0,0,25,0,1,1,0,0,0,27,0,1,0,0,0,56,0
10,10-020,Greenboro Community Centre - Adv 1,0,576,3,5,43,0,1,67,0,1,1,0,1,8,138,1,1,3,3,2,296,2
10,10-021,Greenboro Community Centre - Adv 2,0,554,3,2,37,0,2,47,1,1,0,0,0,14,153,0,1,0,1,1,291,0
10,10-022,Sawmill Creek Community Centre - Adv 2,0,493,1,0,55,1,2,44,0,0,0,0,0,22,143,0,1,0,2,1,219,2
11,11-001,Robert Hopkins Public School,2377,1180,5,0,184,0,4,52,0,2,1,0,0,17,310,3,2,1,2,2,595,0
11,11-002,Colonel By Secondary School,2474,959,7,2,150,0,7,52,0,0,0,0,0,24,197,1,0,0,2,2,515,0
11,11-003,Extendicare Laurier Manor,218,41,1,0,4,0,4,4,1,0,0,1,1,2,7,0,1,0,2,0,12,1
11,11-004,Rothwell Heights Terrace,126,50,1,0,1,0,0,3,0,1,0,0,0,0,13,1,1,1,2,1,25,0
11,11-005,Ecole elementaire catholique La Verendrye,3177,1487,2,1,226,2,6,63,0,1,0,0,0,48,341,1,1,1,7,6,780,1
11,11-006,Cyrville Community Centre,2545,550,7,12,41,1,7,24,1,2,0,0,0,10,99,0,2,2,5,1,335,1
11,11-007,Carson Grove Elementary School,2606,1107,4,2,160,0,14,56,1,1,0,0,0,23,221,6,1,3,4,5,606,0
11,11-008,Ogilvie Villa,57,38,0,0,2,0,5,3,0,0,0,1,0,0,14,0,0,0,0,1,12,0
11,11-009,Camilla Gardens Retirement Residence,56,31,0,0,4,0,7,2,0,0,0,0,1,0,9,0,0,1,1,0,6,0
11,11-010,Earl Armstrong Arena,2916,1182,3,0,180,1,15,62,1,1,0,0,0,37,266,2,3,1,10,5,595,0
11,11-011,Lester B. Pearson Catholic High School,2316,689,9,2,74,1,13,35,0,0,0,0,1,8,159,1,0,1,5,6,374,0
11,11-012,Elmsmere Residence,44,21,0,0,0,1,1,3,0,0,0,0,0,0,5,0,0,0,2,0,9,0
11,11-013,Calvary United Pentecostal Church,2469,773,13,1,82,0,13,30,1,1,0,0,2,22,162,3,0,1,8,3,430,1
11,11-014,John Paul II Catholic School,2345,788,7,4,103,0,10,46,0,0,0,4,1,18,177,0,0,0,3,1,412,2
11,11-015,Beacon Heights Retirement Residence,0,17,0,0,0,0,0,3,0,0,0,0,0,0,5,0,0,0,0,0,9,0
11,11-016,Northridge Towers - Adv 1,0,89,1,0,6,0,3,23,0,0,0,0,0,4,12,0,0,1,0,0,39,0
11,11-017,Cyrville Towers - Adv 1,0,62,0,0,4,0,2,5,1,0,0,0,0,0,14,0,0,0,0,0,36,0
11,11-018,Hillsview Towers - Adv 1,0,140,0,0,4,0,9,27,0,0,0,0,0,3,14,0,0,2,0,3,78,0
11,11-019,Cyrville Community Centre - Adv 1,0,437,6,0,25,1,7,52,0,0,0,0,1,3,100,1,0,0,1,1,239,0
11,11-020,Beacon Hill Community Centre - Adv 2,0,728,4,0,47,0,16,47,1,1,0,0,2,20,204,1,0,0,5,2,377,1
12,12-001,Routhier Community Centre,3691,1344,6,1,374,0,6,30,0,0,0,0,1,16,205,1,0,0,8,7,680,9
12,12-002,Elisabeth Bruyere Continuing Care,366,68,0,0,2,0,4,1,0,1,0,0,0,0,3,0,0,0,0,0,57,0
12,12-003,Patro d'Ottawa,3814,1089,6,1,213,0,12,29,1,1,1,0,2,16,155,1,1,1,4,6,639,0
12,12-004,Garry J. Armstrong Home,175,34,0,0,6,1,4,1,0,1,0,0,0,0,4,0,0,0,0,0,17,0
12,12-005,The Rockcliffe Retirement Residence,105,78,0,0,11,0,1,6,0,0,0,0,0,0,10,0,0,0,0,0,50,0
12,12-006,Montfort Renaissance,28,14,0,0,0,0,0,0,0,0,0,0,0,0,1,0,0,0,0,1,12,0
12,12-007,Rideau Gardens Retirement Home,106,64,0,0,4,0,2,2,0,0,1,0,0,0,10,0,0,1,0,0,44,0
12,12-008,Eglise Sacre Coeur,1999,613,0,0,174,0,2,14,0,0,0,0,0,7,90,0,1,0,5,6,314,0
12,12-009,Sandy Hill Retirement Residence,38,22,1,0,2,0,2,3,0,1,0,0,0,1,2,0,0,0,1,0,9,0
12,12-010,Ecole elementaire publique Francojeunesse,2069,739,3,0,200,1,2,21,1,1,0,1,1,8,86,0,0,1,3,4,404,2
12,12-011,Rideau Place on the River,87,54,1,0,9,0,1,1,0,0,0,0,0,0,14,0,0,0,1,0,27,0
12,12-012,Sandy Hill Community Centre,2184,791,3,2,231,0,7,18,0,0,0,0,0,10,85,0,2,1,7,4,420,1
12,12-013,Viscount Alexander Public School,1255,382,1,13,81,0,3,6,0,1,1,0,2,6,42,0,0,1,0,4,221,0
12,12-014,Our Lady of Assumption Parish,2839,752,7,2,161,1,14,19,0,0,0,1,0,9,106,0,0,1,5,7,418,1
12,12-015,Edgewood Care Centre,129,60,0,0,6,0,4,1,1,0,0,0,0,0,10,1,0,1,1,0,35,0
12,12-016,Knights of Columbus Hall,3246,740,8,1,109,3,16,44,3,1,3,0,3,10,111,2,1,2,5,1,416,1
12,12-017,Fatima Manor,44,30,1,0,6,0,4,3,0,0,0,0,1,0,0,3,1,0,0,2,9,0
12,12-018,Eglise Notre-Dame-de-Lourdes,2507,712,4,0,133,1,25,39,2,0,0,0,0,13,115,0,1,0,3,7,369,0
12,12-019,Champlain Long Term Care Centre,158,55,0,0,6,0,6,0,0,0,0,0,0,0,7,0,0,0,0,0,36,0
12,12-020,Richelieu-Vanier Centre,2503,638,1,0,176,3,13,25,0,0,0,0,2,11,84,1,0,0,5,1,316,0
12,12-021,The St. George Apartments - Adv 1,0,67,0,0,9,0,1,1,0,0,0,0,0,0,23,0,0,0,0,0,33,0
12,12-022,Sussex Place - Adv 1,0,53,0,0,4,1,1,3,0,0,0,0,0,2,10,0,1,0,0,0,30,1
12,12-023,A. Belanger Manor - Adv 1,0,18,1,0,2,0,3,0,0,1,0,0,0,0,2,0,0,0,0,0,9,0
12,12-024,City Living (110 Cobourg) - Adv 1,0,32,0,1,3,1,1,3,1,0,0,0,0,0,8,0,0,0,1,0,13,0
12,12-025,O. C. H. (160 Charlotte) - Adv 1,0,95,3,0,9,0,17,6,1,1,0,0,0,2,21,0,1,1,0,0,32,1
12,12-026,O. C. H. (380 Murray) - Adv 1,0,45,0,0,4,1,7,4,0,0,0,1,1,1,7,0,1,0,1,1,16,0
12,12-027,Seigniory Apartments - Adv 1,0,81,3,0,9,0,3,6,0,1,1,0,0,0,11,0,0,0,0,0,46,1
12,12-028,Watergate Apartments - Adv 1,0,128,0,0,10,0,3,13,0,0,1,0,0,0,20,0,0,0,1,2,78,0
12,12-029,O. C. H. (215 Wurtemburg) - Adv 1,0,31,0,1,1,0,4,3,0,0,0,0,1,0,3,0,0,0,0,0,18,0
12,12-030,Rio Vista Apartments - Adv 1,0,64,1,0,4,0,2,4,0,0,0,0,0,1,11,0,0,0,1,0,40,0
12,12-031,Silver Heights Apartments - Adv 1,0,57,3,1,2,0,2,0,0,1,0,0,0,2,11,0,0,0,0,0,33,2
12,12-032,Renaissance Apartments - Adv 1,0,102,0,0,11,0,1,14,0,1,0,0,0,3,11,0,0,0,1,0,60,0
12,12-033,Chateau Vanier Complex - Adv 1,0,278,3,0,39,0,24,21,0,0,0,1,1,0,32,0,0,3,2,0,152,0
12,12-034,Lafontaine Place Apartments - Adv 1,0,111,0,0,8,0,9,9,0,1,0,0,0,0,10,1,0,1,0,0,72,0
12,12-035,Green Valley Terrace - Adv 1,0,68,3,0,6,1,13,5,0,0,1,0,0,0,8,0,0,0,1,0,30,0
12,12-036,Chateau Janeville - Adv 1,0,86,0,0,6,0,9,12,0,0,0,0,0,1,12,0,0,1,1,1,43,0
12,12-037,Montfort Place Apartments - Adv 1,0,99,4,0,4,0,13,13,0,0,0,0,1,1,18,0,0,1,0,0,43,1
12,12-038,Sandy Hill Community Centre - Adv 1,0,296,1,1,22,0,3,17,0,0,0,0,1,3,51,0,1,0,0,2,194,0
12,12-039,Richelieu-Vanier Centre - Adv 2,0,595,2,0,91,1,17,26,1,1,2,0,0,6,94,0,0,1,1,2,349,1
13,13-001,St. Bartholomew's Church,2458,1094,8,2,345,1,0,30,1,2,0,0,2,7,119,0,0,0,4,3,569,1
13,13-002,Rockcliffe Park Community Centre,2585,963,3,0,238,0,1,19,0,0,0,0,0,14,141,1,0,0,2,4,538,2
13,13-003,Manor Park Public School,2711,1205,1,4,275,0,3,34,0,2,0,2,1,12,157,2,1,0,3,1,707,0
13,13-004,East Gate Alliance Church,3780,760,7,0,150,1,4,29,0,1,0,1,2,4,107,2,1,1,4,7,436,3
13,13-005,College catholique Samuel-Genest,3780,1141,7,11,182,1,15,49,0,3,0,1,1,24,199,1,2,1,7,5,629,3
13,13-006,Montfort Long Term Care Centre,12,13,0,0,3,1,0,0,0,0,0,0,0,0,3,0,0,0,0,0,6,0
13,13-007,Our Lady of Mount Carmel School,1773,544,9,4,78,1,8,30,1,2,1,0,2,16,105,3,1,0,6,5,271,1
13,13-008,St. Laurent Complex,2277,719,3,3,103,0,17,36,1,0,0,0,4,13,143,0,1,0,4,3,387,1
13,13-009,Queen Mary Public School,2956,657,9,11,107,2,23,27,1,1,2,0,0,8,103,2,0,1,4,3,352,1
13,13-010,Overbrook Community Centre,2615,972,8,2,267,0,15,54,1,1,0,1,1,9,156,1,1,1,4,2,447,1
13,13-011,New Edinburgh Square,58,63,0,0,10,0,0,0,0,1,0,0,0,1,6,0,0,0,1,0,43,1
13,13-012,The Edinburgh Retirement Residence,48,22,0,1,3,0,1,0,0,0,0,0,0,0,2,0,0,2,1,0,12,0
13,13-013,Presland Residences,68,37,0,0,1,0,4,3,0,0,1,1,1,3,9,0,1,2,0,1,9,1
13,13-014,Heritage Manor,177,115,0,0,11,0,5,1,0,0,0,0,0,0,12,0,0,2,0,2,82,0
13,13-015,Maison Accueil-Sagesse,96,67,0,1,5,0,1,0,0,0,0,0,0,0,1,0,0,0,0,0,59,0
13,13-016,Marochel Manor,235,24,0,0,3,1,5,0,0,0,0,0,1,0,2,0,1,0,1,0,9,1
13,13-017,Governor's Walk,60,32,0,0,1,0,0,0,0,2,0,0,0,0,8,0,0,0,0,0,21,0
13,13-018,Springfield Residence - Adv 1,0,29,0,0,3,1,0,1,0,0,0,0,0,0,20,0,0,0,0,0,4,0
13,13-019,Champlain Towers - Adv 1,0,66,0,0,8,0,1,9,1,0,0,0,0,0,7,0,0,1,0,0,38,1
13,13-020,St. Laurent Place - Adv 1,0,13,0,0,1,0,2,0,0,0,0,0,0,0,3,0,0,0,0,0,7,0
13,13-021,Mario De Giovani Housing - Adv 1,0,52,0,0,1,0,2,3,1,0,0,0,0,3,12,0,0,0,2,0,28,0
13,13-022,Montfort Manor - Adv 1,0,60,0,1,0,0,5,4,1,0,0,0,0,0,12,0,0,0,1,0,36,0
13,13-023,Blackthorne Towers Apartments - Adv 1,0,17,0,0,0,0,0,1,0,0,0,0,0,0,2,0,0,0,0,0,14,0
13,13-024,Brittany Place - Adv 1,0,134,0,0,13,0,5,11,0,0,0,0,0,1,27,0,0,0,0,1,76,0
13,13-025,Thomson Terrace Apartments - Adv 1,0,103,0,2,6,1,10,6,0,1,1,0,0,2,21,1,0,0,3,0,49,0
13,13-026,Brittany Park Recreation - Adv 1,0,35,0,0,2,0,1,4,0,0,0,0,0,1,6,0,1,0,0,0,20,0
13,13-027,Le Parc Apartments - Adv 1,0,175,0,0,11,0,2,14,0,0,0,0,1,0,47,0,0,1,0,1,98,0
13,13-028,Liuna Housing 527 - Adv 1,0,28,0,0,2,0,3,1,0,0,0,0,1,0,6,1,0,1,0,0,13,0
13,13-029,Highlands Apartments - Adv 1,0,183,0,0,22,0,4,18,0,0,1,0,0,5,22,0,0,1,1,2,107,0
13,13-030,Brittany Apartments - Adv 1,0,40,2,1,2,0,3,3,0,0,0,0,0,0,9,1,0,0,0,0,18,1
13,13-031,Las Brisas Apartments - Adv 1,0,144,2,0,8,0,10,17,0,0,0,0,0,1,29,0,0,1,0,0,73,3
13,13-032,Crosswinds Apartments - Adv 1,0,156,0,0,7,0,3,22,0,0,0,0,0,3,45,0,0,0,0,0,76,0
13,13-033,Senior's Club 800 - Adv 1,0,87,1,0,1,2,9,9,0,0,0,0,0,1,9,0,1,0,1,0,51,2
13,13-034,Queen Mary Court - Adv 1,0,11,1,1,0,0,1,0,0,0,0,0,0,0,0,0,0,0,0,0,7,1
13,13-035,Chateau Donald - Adv 1,0,46,0,1,2,1,3,2,2,1,0,0,1,0,6,0,1,1,1,0,22,2
13,13-036,Donald Court - Adv 1,0,14,0,1,2,0,1,2,0,0,0,0,0,0,4,0,0,0,0,0,4,0
13,13-037,St. Laurent Complex - Adv 1,0,366,4,2,30,2,9,28,0,0,2,0,0,2,65,1,1,1,3,1,214,1
13,13-038,Rockcliffe Park Community Centre - Adv 2,0,529,3,0,72,0,3,14,1,2,0,0,0,9,104,0,0,0,2,1,318,0
14,14-001,Christ Church Cathedral,1389,439,4,3,91,0,0,10,0,0,0,0,0,13,80,0,3,0,0,3,231,1
14,14-002,Plant Recreation Centre,3047,927,5,2,331,2,2,34,0,3,1,0,0,12,87,2,1,1,6,6,430,2
14,14-003,Saint Vincent Hospital,68,107,1,3,11,0,5,9,1,1,0,0,0,1,31,1,1,0,0,0,42,0
14,14-004,Dalhousie Community Centre,1877,513,5,0,153,3,4,15,1,0,0,0,1,4,50,1,0,0,3,5,267,1
14,14-005,Centennial Public School,2717,821,2,4,200,1,5,30,1,1,0,0,0,7,122,1,0,0,3,4,440,0
14,14-006,McNabb Community Centre,3292,1076,7,0,374,2,0,29,0,0,0,0,0,9,103,0,1,2,4,10,534,1
14,14-007,Centertown United Church,2458,802,4,0,243,1,1,18,0,1,0,0,1,10,102,0,3,0,5,7,405,1
14,14-008,Jack Purcell Community Centre,3040,1060,3,7,313,0,2,23,0,2,0,0,0,13,104,0,0,0,8,16,565,4
14,14-009,Knox Presbyterian Church,2692,1051,3,2,262,2,2,28,0,1,1,0,0,15,144,1,0,0,4,9,577,0
14,14-010,Saint Patrick's Basilica,2516,915,2,3,186,0,5,31,0,1,3,1,0,16,131,0,1,0,8,4,522,1
14,14-011,McLeod Retirement Residence,61,38,0,0,3,0,2,3,1,0,1,0,0,1,5,0,0,1,0,0,20,1
14,14-012,Park Square Apartments - Adv 2,0,95,0,1,8,0,0,4,0,1,0,0,0,0,27,1,0,0,0,0,53,0
14,14-013,Rochester Towers - Adv 2,0,100,1,0,3,0,2,6,3,1,0,0,2,1,33,2,2,3,0,1,38,2
14,14-014,Gladstone Terrace - Adv 2,0,56,1,0,1,2,1,4,1,1,2,0,1,0,21,0,0,1,1,0,19,0
14,14-015,Desjardins Co-op Apartments - Adv 2,0,52,0,0,3,0,0,1,0,1,1,0,0,0,11,0,0,1,3,0,31,0
14,14-016,Stonecliffe Apartments - Adv 2,0,40,0,0,6,0,0,1,0,0,0,0,0,1,4,1,0,0,0,1,26,0
14,14-017,C. C. C. #289 - Adv 2,0,50,0,1,6,0,0,1,1,0,0,0,0,1,8,0,1,0,1,0,30,0
14,14-018,Queen Elizabeth Towers - Adv 2,0,156,1,0,22,0,1,6,1,0,0,0,0,1,44,0,1,1,0,0,78,0
14,14-019,Bronson Avenue Apartments - Adv 2,0,39,1,1,4,0,0,2,0,0,0,0,1,2,8,0,0,0,0,0,20,0
14,14-020,Blair House - Adv 2,0,13,0,0,0,0,0,1,1,0,0,0,0,0,3,0,0,0,0,0,7,1
14,14-021,Brooke Tower - Adv 2,0,46,0,0,8,0,1,1,0,1,0,0,0,0,7,0,0,0,1,0,27,0
14,14-022,C. C. C. #92 - Adv 2,0,51,0,0,9,0,0,0,0,0,0,0,0,1,12,0,0,0,0,0,29,0
14,14-023,Somerset Manor - Adv 2,0,66,3,0,6,0,1,1,1,0,1,0,1,1,30,2,0,0,0,0,18,1
14,14-024,MacLaren Apartments - Adv 2,0,62,1,2,4,0,3,2,1,1,0,0,0,0,17,0,0,0,3,1,26,1
14,14-025,Ten Driveway Apartments - Adv 2,0,106,0,0,14,0,0,4,0,0,0,0,0,4,29,0,1,0,1,0,53,0
14,14-026,Ann Manor - Adv 2,0,73,0,0,13,0,1,1,0,0,0,0,0,1,14,0,0,0,0,0,43,0
14,14-027,Montclair Apartments - Adv 2,0,55,0,0,4,0,1,1,0,0,0,0,0,2,13,0,0,0,0,1,33,0
14,14-028,St. Moritz Aparments - Adv 2,0,73,1,0,7,0,2,7,0,0,0,0,0,3,10,0,1,0,0,0,42,0
14,14-029,20 The Driveway Apartments - Adv 2,0,76,0,0,9,0,2,3,0,0,0,0,0,1,16,0,0,0,1,0,44,0
14,14-030,Regency Apartments - Adv 2,0,50,0,0,9,0,0,2,0,0,0,0,0,0,9,0,0,0,0,0,30,0
14,14-031,McNabb Community Centre - Adv 1,0,364,1,2,61,2,0,28,0,1,1,0,0,0,51,0,0,1,3,3,209,1
14,14-032,McNabb Community Centre - Adv 2,0,488,1,2,91,2,2,20,2,1,1,0,1,6,67,0,0,1,4,9,275,3
15,15-001,Dovercourt Recreation Centre,1973,978,1,1,262,1,0,29,0,0,0,0,0,19,144,0,0,0,1,12,506,2
15,15-002,Notre Dame High School,2567,1125,3,2,270,1,0,52,0,0,0,0,0,20,227,0,2,0,3,3,542,0
15,15-003,Hillel Lodge,100,23,1,0,2,0,0,1,0,0,0,0,0,1,7,0,2,0,0,0,8,1
15,15-004,All Saints Anglican Church,3526,1301,2,2,291,1,0,70,0,0,0,1,1,17,234,1,1,1,6,8,663,2
15,15-005,Churchill Alternative School,2460,1108,4,0,305,0,0,44,2,0,1,0,0,13,176,4,0,0,2,10,541,6
15,15-006,St. George's Catholic Church,2767,1161,3,1,341,0,2,46,2,1,0,3,0,20,206,1,1,1,1,4,528,0
15,15-007,St. George School,2695,1354,2,2,409,0,0,30,0,0,1,1,0,21,207,1,0,2,5,6,665,2
15,15-008,Elmdale Public School,2293,1172,4,2,331,0,3,39,0,0,0,1,0,5,172,1,0,0,4,3,606,1
15,15-009,Tom Brown Arena,3175,962,1,2,278,2,5,38,1,1,0,0,0,26,139,1,1,0,9,4,452,2
15,15-010,Connaught Public School,2499,963,3,2,350,2,1,16,0,0,0,0,0,16,116,1,1,0,7,13,435,0
15,15-011,Rosemount Centre for Seniors,24,6,0,0,1,0,0,0,0,0,0,0,0,0,0,0,0,0,1,0,4,0
15,15-012,Civic Hospital,0,0,0,0,0,0,0,0,0,0,0,0,0,0,0,0,0,0,0,0,0,0
15,15-013,Fisher Park Public School,3554,1635,3,1,410,1,1,58,0,2,0,0,0,18,282,2,1,2,4,5,845,0
15,15-014,Royal Ottawa Hospital,49,47,0,1,5,2,2,1,2,0,0,0,0,2,4,1,0,1,2,0,24,0
15,15-015,Salvation Army Ottawa Grace Manor,116,36,1,0,6,0,0,2,0,0,0,0,0,0,5,0,0,0,0,0,21,1
15,15-016,Unitarian House - Adv 2,0,94,0,0,26,0,0,3,0,0,0,0,0,2,11,0,0,0,1,0,51,0
15,15-017,Island Park Towers (195 Clearview) - Adv 2,0,128,2,0,15,0,1,9,0,0,0,0,0,0,15,0,0,0,2,2,82,0
15,15-018,Island Park Towers (200 Clearview) - Adv 2,0,111,0,1,14,0,2,5,0,0,0,0,0,3,34,0,0,0,1,0,51,0
15,15-019,Golden Manor Apartments - Adv 2,0,103,3,3,6,1,2,10,1,0,0,0,2,2,13,0,0,2,2,1,55,0
15,15-020,Plaza Towers - Adv 2,0,56,0,0,9,0,0,3,0,2,1,0,0,1,11,0,0,0,0,0,29,0
15,15-021,The Barclay Apartments - Adv 2,0,90,0,0,8,0,0,7,0,0,0,0,0,2,43,0,0,0,0,0,30,0
15,15-022,Hampton Court - Adv 2,0,139,2,0,6,1,0,14,0,1,0,0,1,3,34,0,0,0,2,1,73,1
15,15-023,St. Vladimir Russian Residence - Adv 2,0,16,0,0,1,0,2,0,0,0,0,0,0,0,5,0,0,0,0,0,8,0
15,15-024,Wellington Manor - Adv 2,0,95,1,1,12,0,0,10,0,1,0,0,1,1,16,0,0,0,1,1,50,0
15,15-025,Burnside Terrace - Adv 2,0,45,0,0,6,0,0,0,0,0,0,0,0,1,19,0,0,0,0,0,19,0
15,15-026,Duke of Devonshire Residence - Adv 2,0,34,0,0,0,0,0,2,0,0,0,0,0,0,10,0,0,0,0,0,22,0
15,15-027,Notre Dame High School - Adv 1,0,442,0,0,45,0,0,47,2,0,0,0,1,2,73,0,0,0,0,3,265,4
15,15-028,Tom Brown Arena - Adv 2,0,887,3,0,147,0,0,67,0,2,0,0,0,16,186,0,1,0,2,4,459,0
16,16-001,St. Elizabeth Catholic School,2327,708,0,1,131,0,3,47,1,0,0,0,1,17,159,3,0,1,0,3,341,0
16,16-002,Carlington Recreation Centre,3101,939,3,10,134,4,4,39,1,0,0,0,2,17,154,1,4,2,3,7,547,7
16,16-003,Parklane Residence,80,35,0,0,2,1,1,1,0,1,2,0,0,2,9,1,0,1,2,1,10,1
16,16-004,Alexander Community Centre,3726,1337,9,14,281,1,1,94,1,1,0,0,0,21,229,3,3,0,2,10,664,3
16,16-005,St. Pius X High School,3416,941,5,5,189,1,1,56,2,2,1,1,0,19,194,0,1,0,7,7,449,1
16,16-006,Carleton Heights Community Centre,2119,932,6,3,109,1,1,58,0,1,1,0,1,11,229,2,0,0,4,3,499,3
16,16-007,St. Patrick's Home,170,54,0,0,5,0,0,6,1,0,0,0,0,0,8,0,0,0,4,0,29,1
16,16-008,Holy Cross Church,2920,1243,5,3,205,0,1,59,0,0,0,0,0,34,281,0,0,0,6,7,641,1
16,16-009,Ecole catholique George-Etienne-Cartier,2489,1091,4,0,206,1,2,64,0,1,0,0,1,29,255,3,1,0,4,7,512,1
16,16-010,Marius-Barbeau Catholic School,1246,416,3,3,48,2,1,26,1,1,1,1,1,8,113,1,1,0,1,3,200,1
16,16-011,Tudor Hall,3298,1278,5,5,162,1,3,74,2,1,1,1,1,42,316,2,0,0,4,3,653,2
16,16-012,Hunt Club/Riverside Community Centre,2697,844,3,7,115,0,3,43,0,2,0,1,1,21,163,0,0,0,5,5,474,1
16,16-013,Landmark Court,59,46,0,0,5,0,0,6,0,0,0,0,0,1,12,0,0,1,0,0,21,0
16,16-014,Bayview Public School,2817,1104,5,3,135,1,2,55,0,1,0,0,0,37,277,2,2,1,2,5,576,0
16,16-015,Park Place Retirement Residence,184,108,0,0,19,0,0,9,0,0,0,0,0,1,25,0,0,0,0,0,53,1
16,16-016,Windsor Park Manor Retirement Living,50,42,1,0,7,0,0,3,1,1,0,0,0,0,17,0,0,0,1,0,11,0
16,16-017,Andy Andras Housing Co-op - Adv 2,0,26,0,0,2,0,0,3,0,0,0,0,0,0,4,0,0,0,0,0,17,0
16,16-018,Lepage Manor - Adv 2,0,64,0,0,1,0,2,5,0,1,0,0,1,2,8,0,0,0,0,3,41,0
16,16-019,Chateau Royale (1380 Prince of Wales)-Adv2,0,99,0,0,8,0,0,11,0,0,0,0,0,3,32,0,0,0,0,1,44,0
16,16-020,Chateau Royale (900 Dynes) - Adv 2,0,98,0,0,16,1,0,9,0,0,0,0,0,2,25,0,0,1,1,0,42,1
16,16-021,Denbury Condominiums - Adv 2,0,123,1,0,10,0,0,13,0,0,0,0,0,3,27,0,0,0,0,0,68,1
16,16-022,Tannenhof Co-op - Adv 2,0,55,0,0,1,0,0,3,0,0,0,0,0,1,24,0,0,0,0,1,25,0
16,16-023,Alexander Community Centre - Adv 1,0,349,0,1,42,0,1,49,1,0,0,0,0,10,58,1,1,0,2,2,181,0
16,16-024,Hunt Club/Riverside C.C. - Adv 2,0,898,2,2,84,2,5,65,0,0,0,0,0,31,256,1,0,1,5,1,441,2
17,17-001,Lycee Claudel,2221,611,4,3,137,0,5,25,0,0,0,0,0,8,122,2,0,1,1,4,298,1
17,17-002,Saint Paul University,1801,917,6,2,329,0,1,31,0,0,1,0,0,14,111,0,0,0,0,0,421,1
17,17-003,Lady Evelyn Public School,2858,888,5,4,279,1,0,22,0,1,0,1,0,13,114,1,0,0,4,6,437,0
17,17-004,The Palisades Retirement Residence,83,90,0,0,34,0,0,2,0,0,0,0,0,0,15,0,0,0,1,1,37,0
17,17-005,St. Giles Presbyterian Church,2896,1500,4,3,596,2,1,22,0,0,2,0,0,9,131,0,0,1,2,7,718,2
17,17-006,Glebe Centre Residence,354,55,1,1,8,1,2,4,1,0,0,0,0,0,12,0,0,0,0,0,25,0
17,17-007,Glebe Community Centre,3607,1664,4,1,589,1,0,26,0,0,1,0,0,11,161,2,0,1,3,6,858,0
17,17-008,Corpus Christi School,3012,1496,2,0,630,4,0,23,0,0,0,0,1,13,96,0,0,0,1,10,716,0
17,17-009,Colonel By Retirement Residence,95,54,0,0,18,2,1,2,0,0,0,0,0,0,5,0,0,0,0,0,26,0
17,17-010,Southminster United Church,2919,1515,1,1,615,2,2,34,0,0,1,2,0,14,110,0,2,0,4,1,725,1
17,17-011,St. Margaret Mary Church,2421,1259,2,0,501,0,2,13,0,0,1,0,1,8,104,1,0,0,3,2,620,1
17,17-012,Billingswood Manor,46,41,0,0,6,0,1,2,0,2,0,0,0,1,10,0,0,0,0,0,19,0
17,17-013,Ecole elementaire catholique Lamoureux,2845,930,6,3,229,0,3,44,1,1,0,0,0,21,151,1,2,3,5,7,451,2
17,17-014,Billings Lodge,71,45,0,1,3,0,1,2,0,0,0,0,0,0,5,0,0,1,1,0,31,0
17,17-015,Carleton University,0,377,1,1,137,4,0,7,2,2,1,2,0,3,13,3,0,0,1,3,197,0
17,17-016,Riviera Condominiums - Adv 1,0,263,0,0,19,0,4,18,0,0,0,0,0,3,84,0,0,0,0,0,134,1
17,17-017,Riverwood Apartments - Adv 1,0,20,0,0,4,0,0,1,0,0,0,0,0,0,2,0,0,1,0,0,12,0
17,17-018,Rideau Park Towers - Adv 1,0,35,0,0,4,0,0,6,0,0,0,0,0,0,14,0,0,0,1,1,9,0
17,17-019,Frobisher Place Condominiums - Adv 1,0,66,0,0,10,0,1,10,0,0,0,0,2,1,19,0,0,0,0,0,23,0
17,17-020,Faircrest Apartments - Adv 1,0,59,2,0,11,0,0,3,0,0,0,0,1,2,7,0,0,1,1,0,30,1
17,17-021,Driveway Place Apartments - Adv 1,0,60,0,0,8,0,0,2,0,0,0,0,0,1,3,1,0,0,0,0,45,0
17,17-022,King's Daughters and Sons Aprts. - Adv 1,0,34,0,0,2,0,0,8,0,0,0,0,0,2,7,0,0,0,0,0,13,2
17,17-023,Clementine Towers - Adv 1,0,130,0,0,23,1,6,11,0,0,0,0,0,4,22,1,1,0,1,0,59,1
17,17-024,Rockingham Apartments - Adv 1,0,16,0,0,2,0,0,4,1,0,0,0,0,0,4,0,0,0,0,0,5,0
17,17-025,Lord Lansdowne Residence - Adv 1,0,58,0,0,9,0,1,6,0,1,0,0,0,0,5,0,0,0,0,0,35,1
17,17-026,Brewer Pool - Adv 1,0,369,1,0,65,0,1,19,2,0,0,0,0,2,42,0,0,0,3,2,232,0
17,17-027,St. Paul University - Adv 2,0,666,1,0,162,0,2,22,1,0,0,0,0,10,94,0,1,1,3,2,367,0
18,18-001,Ottawa Montessori School,1489,583,3,2,133,0,3,27,0,0,0,0,0,8,113,0,1,0,2,3,285,3
18,18-002,Riverview Public School,1787,586,2,2,112,1,3,29,0,3,0,0,0,11,93,0,1,0,1,8,319,1
18,18-003,Perley Rideau Health Centre,443,105,2,0,7,0,5,7,0,2,1,1,1,4,32,2,2,0,0,1,38,0
18,18-004,Ottawa General Hospital,0,0,0,0,0,0,0,0,0,0,0,0,0,0,0,0,0,0,0,0,0,0
18,18-005,CHEO,0,0,0,0,0,0,0,0,0,0,0,0,0,0,0,0,0,0,0,0,0,0
18,18-006,Ecole secondaire Franco-Cite,1789,580,3,14,103,1,2,31,0,0,1,0,0,14,127,0,2,0,2,4,274,2
18,18-007,Pleasant Park Public School,3023,1275,2,1,287,2,3,54,1,1,0,0,0,29,265,0,0,0,6,5,619,0
18,18-008,Rideau Park United Church,2768,1274,4,4,304,1,7,54,0,0,0,0,0,18,257,1,0,0,3,5,614,2
18,18-009,Jim Durrell Complex,2854,1101,4,4,197,3,1,54,1,0,0,0,1,21,185,2,1,0,3,6,618,0
18,18-010,St. Patrick's Intermediate School,2977,1102,3,2,187,0,1,48,0,2,1,0,0,19,252,2,0,0,5,3,576,1
18,18-011,Heron Road Community Centre,1868,367,1,35,36,1,3,10,1,2,0,1,2,7,40,2,1,1,4,5,213,2
18,18-012,Ecole elementaire publique Marie-Curie,2455,990,3,0,182,1,4,47,1,0,1,0,0,30,217,0,1,1,2,3,496,1
18,18-013,Canterbury Recreation Complex,3508,1270,5,1,216,0,4,79,0,0,0,0,2,30,270,0,0,1,8,3,647,4
18,18-014,St. Luke Elementary School,2151,615,3,10,84,0,4,45,0,1,0,0,2,9,120,1,0,0,0,2,333,1
18,18-015,Hawthorne United Church,2005,477,6,0,49,0,6,26,0,0,0,0,0,14,99,0,0,1,3,3,270,0
18,18-016,Oakpark Retirement Community - Adv 1,0,57,1,0,1,0,1,12,0,0,0,0,0,0,14,0,0,0,0,0,28,0
18,18-017,Russell Manor - Adv 1,0,63,0,5,8,0,1,4,1,0,0,0,0,0,11,0,2,2,0,0,27,2
18,18-018,Alta Vista Manor - Adv 1,0,35,0,0,3,0,0,2,0,0,0,0,0,0,3,0,0,0,0,0,27,0
18,18-019,Playfair Towers - Adv 1,0,35,0,0,1,0,0,6,0,0,0,0,0,0,15,0,0,0,0,0,13,0
18,18-020,Vista On The Park - Adv 1,0,119,0,1,10,1,4,11,0,0,0,0,0,2,29,0,0,0,0,0,61,0
18,18-021,Playfair Residences - Adv 1,0,85,0,0,7,0,1,10,0,0,0,0,0,3,16,0,0,0,2,0,46,0
18,18-022,Riverbank Apartments - Adv 1,0,33,0,0,4,0,0,4,0,0,0,0,0,1,11,0,0,0,1,0,12,0
18,18-023,Waterford Apartments - Adv 1,0,40,1,0,4,0,0,2,0,0,0,0,0,1,7,0,0,0,1,0,24,0
18,18-024,Ellwood House - Adv 1,0,17,0,0,4,0,0,3,0,0,0,0,0,1,3,0,0,0,0,0,6,0
18,18-025,The Renaissance - Adv 1,0,72,0,0,9,0,0,11,1,0,0,0,0,2,19,2,0,0,0,0,28,0
18,18-026,Pleasant Park Place (2035 Othello) - Adv 1,0,50,1,2,0,0,2,4,0,0,0,0,0,0,13,0,0,0,0,0,28,0
18,18-027,Pleasant Park Place (2025 Othello) - Adv 1,0,32,0,1,1,0,1,5,0,0,0,0,0,0,10,0,0,0,0,0,14,0
18,18-028,Canterbury Square (830 Canterbury) - Adv 1,0,61,0,0,5,0,2,7,0,0,0,0,0,1,6,0,0,0,0,0,40,0
18,18-029,Canterbury Square (850 Canterbury) - Adv 1,0,34,0,0,2,0,1,8,0,0,0,0,0,0,5,0,1,0,0,0,17,0
18,18-030,Lord Halifax Aprts. (2220 Halifax) - Adv 1,0,100,2,1,1,0,1,16,0,0,0,0,0,0,25,0,1,0,2,2,48,1
18,18-031,Lord Halifax Aprts. (2240 Halifax) - Adv 1,0,87,1,0,5,0,3,13,0,0,0,0,0,1,26,0,0,1,0,2,35,0
18,18-032,Russell Gardens (2100 Russell) - Adv 1,0,33,1,1,1,0,1,3,0,1,0,0,0,0,7,1,0,0,0,0,16,1
18,18-033,Russell Gardens (2080 Russell) - Adv 1,0,23,1,1,1,0,0,0,0,1,0,0,1,0,7,0,0,0,0,0,11,0
18,18-034,Daly Co-op Inc. - Adv 1,0,34,2,0,0,0,1,3,0,0,0,0,0,2,5,0,1,0,3,0,17,0
18,18-035,The Dorchester Apartments - Adv 1,0,37,2,0,3,0,0,4,0,0,0,0,0,0,6,0,0,0,1,0,21,0
18,18-036,The Eaton - Adv 1,0,45,0,0,4,0,1,14,0,0,0,0,0,0,7,0,0,1,0,1,17,0
18,18-037,Canterbury Recreation Complex - Adv 1,0,672,4,1,61,1,6,95,0,1,0,0,0,13,113,0,1,0,1,0,374,1
18,18-038,Jim Durrell Complex - Adv 2,0,871,1,1,82,0,2,53,2,1,1,0,0,24,244,0,0,0,2,4,454,0
19,19-001,Dunning Foubert Elementary School,3503,1371,3,2,191,0,10,59,0,0,1,0,2,27,336,1,1,0,4,1,733,0
19,19-002,Ecole elementaire publique Jeanne-Sauve,2840,1212,2,4,133,2,7,35,0,1,0,1,1,24,282,0,5,0,9,3,703,0
19,19-003,Ecole elementaire catholique Arc-En-Ciel,1916,760,4,1,94,0,8,37,0,0,0,0,1,30,163,0,2,0,3,0,416,1
19,19-004,South Fallingbrook Community Centre,1952,688,3,3,63,0,4,23,0,1,1,0,0,7,178,0,1,0,4,2,397,1
19,19-005,St. Theresa Elementary School,2327,764,1,0,70,0,9,27,0,0,0,1,0,10,156,1,3,2,1,2,481,0
19,19-006,Ecole secondaire Beatrice-Desloges,2275,880,3,2,78,1,12,32,0,2,0,2,1,18,180,0,0,1,5,6,536,1
19,19-007,Avalon Public School,3459,1133,6,12,127,2,16,38,1,0,2,0,2,22,212,2,4,0,3,8,672,4
19,19-008,R.J. Kennedy Community Centre,3574,1449,7,2,186,1,12,70,1,1,0,0,1,35,465,1,2,1,7,5,652,0
19,19-009,Cumberland Lodge,64,21,1,0,2,1,2,0,0,1,1,0,1,0,4,0,0,1,0,0,7,0
19,19-010,Sarsfield Community Centre,857,317,0,0,39,0,6,13,0,0,0,0,1,10,91,1,0,1,0,4,151,0
19,19-011,Carlsbad Springs Community Centre,1305,456,0,0,45,0,12,43,0,1,0,0,0,19,148,0,1,0,2,0,185,0
19,19-012,Heritage Public School,2305,976,2,3,89,2,8,50,3,1,0,0,0,16,341,0,1,0,4,3,453,0
19,19-013,Ecole elementaire Saint-Guillaume,2274,788,0,1,89,0,14,70,0,0,0,0,0,41,227,0,2,1,7,2,333,1
19,19-014,Sarsfield Colonial Home - Adv 1,0,6,0,0,0,0,0,0,1,0,0,0,0,0,3,0,0,0,0,0,2,0
19,19-015,Champagne Residence - Adv 1,0,12,1,0,1,0,2,1,0,0,0,0,0,1,6,0,0,0,0,0,0,0
19,19-016,Residence Ste-Marie - Adv 1,0,13,1,0,0,0,0,1,0,0,0,0,0,1,5,0,0,0,1,1,0,3
19,19-017,Pine Rest Residential Home - Adv 1,0,14,1,1,2,2,0,0,0,0,0,1,0,1,5,0,0,0,1,0,0,0
19,19-018,South Fallingbrook C.C. - Adv 1,0,336,2,1,16,0,5,44,0,0,0,0,1,12,80,0,2,0,0,1,172,0
19,19-019,Sarsfield Community Centre - Adv 1,0,56,1,0,0,0,1,9,0,0,0,0,0,3,16,0,0,0,0,0,26,0
19,19-020,Bearbrook Community Centre - Adv 1,0,67,0,0,5,0,1,15,0,0,0,0,0,0,25,0,0,0,1,0,20,0
19,19-021,South Fallingbrook C.C. - Adv 2,0,592,1,0,31,1,2,50,2,0,0,0,0,17,187,0,1,0,1,2,296,1
19,19-022,R.J. Kennedy Community Centre - Adv 2,0,209,0,0,14,0,1,14,0,0,0,0,0,0,71,0,0,0,0,0,109,0
19,19-023,Carlsbad Springs Community Centre - Adv 2,0,64,0,0,7,0,3,3,0,0,0,0,0,2,22,0,0,0,0,0,27,0
2,02-001,Glen Ogilvie Public School,2054,963,6,1,139,0,3,48,0,1,1,0,0,13,286,0,0,3,1,3,457,1
2,02-002,Ecole secondaire Louis-Riel,1760,788,3,1,98,1,1,33,2,0,1,0,0,10,212,2,0,0,4,2,416,2
2,02-003,Madonna Long Term Care Residence,158,26,0,0,4,0,0,4,0,0,0,0,0,0,8,1,0,0,0,0,9,0
2,02-004,St. Joseph Manor,0,0,0,0,0,0,0,0,0,0,0,0,0,0,0,0,0,0,0,0,0,0
2,02-005,Amica at Bearbrook,143,51,0,0,5,0,1,3,0,0,0,0,0,1,11,0,0,0,0,0,30,0
2,02-006,Chapel Hill Catholic School ,2933,1203,0,0,162,1,6,43,1,0,0,0,2,16,297,0,4,0,4,0,666,1
2,02-007,Forest Valley Elementary School ,2239,744,1,0,72,1,2,24,1,0,1,0,0,6,184,0,0,0,1,2,449,0
2,02-008,Ecole catholique L'Etoile-de-l'Est,3058,1007,1,0,104,0,11,46,0,1,0,1,1,20,217,1,3,1,0,3,597,0
2,02-009,Ecole catholique Saint-Joseph d'Orleans ,2460,906,2,0,128,0,10,39,0,0,0,0,0,18,161,0,5,0,1,4,538,0
2,02-010,Henry Larsen Elementary School ,3339,1371,3,1,179,0,12,73,1,1,0,0,0,24,303,3,0,2,4,1,763,1
2,02-011,Blessed Kateri Tekakwitha School ,3530,1289,2,1,183,1,13,70,1,0,0,0,1,27,273,0,1,3,10,5,698,0
2,02-012,Belcourt Manor,111,84,0,0,9,1,6,0,0,0,1,0,0,0,12,0,0,0,0,2,53,0
2,02-013,Blackburn Community Centre,2442,804,5,2,92,0,5,47,0,3,1,2,0,29,219,0,5,1,6,7,378,2
2,02-014,Blackburn Lodge Seniors Residence,47,27,0,0,2,0,0,2,1,0,0,0,0,0,8,0,0,0,0,0,14,0
2,02-015,Ecole elementaire publique Le Prelude,3192,1344,13,5,149,2,10,56,1,0,2,2,0,34,288,1,3,0,6,2,768,2
2,02-016,Notre-Dame-des-Champs Community Hall,1331,422,0,0,49,2,6,30,0,0,0,0,0,7,98,0,2,1,1,0,226,0
2,02-017,Blessed Kateri Tekakwitha School - Adv 1,0,496,3,0,29,0,11,55,0,1,0,0,1,3,112,1,2,0,0,1,277,0
2,02-018,Blackburn Community Centre - Adv 2,0,844,2,0,62,2,8,65,2,0,0,0,0,21,263,0,1,0,6,3,407,2
20,20-001,St. Mark Catholic High School,3831,1355,5,0,156,0,3,83,1,2,0,1,1,90,481,0,0,0,6,2,523,1
20,20-002,St. Mary Catholic School,1168,411,0,0,42,0,2,44,1,1,0,0,0,24,160,0,0,0,1,2,132,2
20,20-003,Greely Community Centre,3950,1546,6,0,140,1,5,124,0,0,0,0,0,73,608,3,3,0,8,7,568,0
20,20-004,Community Christian School,3049,1153,1,0,122,1,2,87,1,3,1,3,2,51,468,0,2,0,8,9,391,1
20,20-005,Kenmore Community Hall,1160,467,1,0,48,1,3,61,1,0,0,0,0,31,173,0,0,0,3,1,143,1
20,20-006,Vernon Recreation Centre,1079,482,0,0,37,1,2,52,0,0,0,0,0,22,218,0,1,1,6,2,139,1
20,20-007,Osgoode Public School,3632,1450,1,0,162,1,0,139,0,2,0,0,1,109,511,2,1,0,5,4,510,2
20,20-008,Orchard View Living Centre,138,78,0,1,4,1,1,8,0,1,0,0,0,1,27,0,0,0,1,0,33,0
20,20-009,Osgoode Township Care Centre,88,29,0,1,0,0,2,1,1,1,0,0,1,3,11,1,0,0,0,0,6,1
20,20-010,Stanley Apartments - Adv 1,0,31,0,0,1,0,0,7,0,0,0,0,0,0,7,0,0,0,0,0,16,0
20,20-011,Dr. Robert A. Dowd Place - Adv 1,0,18,1,0,2,0,0,5,0,0,0,0,0,3,4,0,0,0,0,0,2,1
20,20-012,Greely Community Centre - Adv 1,0,304,0,0,19,0,0,66,0,1,0,0,0,2,115,0,1,0,3,0,97,0
20,20-013,Osgoode Public School - Adv 1,0,115,0,0,8,0,1,24,0,0,0,0,0,7,38,0,0,0,2,0,35,0
20,20-014,Greely Community Centre - Adv 2,0,365,0,0,14,2,0,33,0,0,0,0,1,16,132,0,1,0,5,0,161,0
20,20-015,Osgoode Township High School - Adv 2,0,233,0,0,14,0,1,34,0,0,0,0,0,9,86,0,0,0,0,0,88,1
21,21-001,St. Leonard Catholic School,2064,938,0,0,140,0,0,68,0,2,0,0,0,66,274,1,0,1,2,3,380,1
21,21-002,Manotick Arena,2481,1028,0,0,129,0,1,70,0,0,0,0,0,77,333,1,1,1,4,3,407,1
21,21-003,Carleton Golf Yacht Club,867,424,0,0,42,0,0,36,0,0,0,0,0,31,158,0,0,0,1,1,155,0
21,21-004,Kars Community Recreation Centre,1029,457,0,0,44,0,1,43,0,0,0,0,0,97,132,0,0,0,1,0,139,0
21,21-005,Alfred Taylor Recreation Facility,3127,1411,2,2,128,0,1,161,0,0,0,1,0,93,553,1,2,0,3,3,459,2
21,21-006,Marlborough Community Centre,995,442,0,0,38,1,4,48,0,0,0,1,0,17,173,0,0,0,0,0,160,0
21,21-007,Christ Church Anglican,337,131,0,0,6,0,0,9,0,0,0,0,0,4,64,0,0,0,1,1,46,0
21,21-008,Cavanagh Community Centre,852,363,0,0,28,1,0,30,0,1,0,0,0,17,164,0,0,0,0,0,121,1
21,21-009,Munster Community Centre,2117,818,2,1,71,5,1,113,1,0,0,0,0,44,309,1,2,0,6,3,259,0
21,21-010,Richmond Arena,3974,1709,2,0,148,4,5,155,0,3,1,2,1,87,642,0,3,1,8,2,643,2
21,21-011,Goulbourn Middle School,856,351,0,0,36,0,0,25,0,0,0,0,0,23,143,0,1,0,0,1,122,0
21,21-012,St. Patrick's Church,699,275,0,0,25,0,0,33,0,0,0,0,0,16,116,2,0,0,2,1,80,0
21,21-013,Richmond Lodge - Adv 2,0,20,0,0,1,0,1,5,0,1,0,0,0,0,7,0,0,0,0,0,4,1
21,21-014,Manotick Arena - Adv 1,0,225,0,0,15,0,0,47,0,0,0,0,0,11,70,0,0,0,0,0,82,0
21,21-015,Marlborough Community Centre - Adv 1,0,117,0,0,3,0,1,26,0,0,0,0,1,5,46,0,0,0,1,0,34,0
21,21-016,Munster Community Centre - Adv 1,0,123,0,1,5,0,0,34,0,0,0,0,0,9,33,0,1,0,2,0,38,0
21,21-017,Kars Community Recreation Centre - Adv 2,0,188,0,0,11,0,0,22,0,0,0,0,0,18,72,0,0,0,1,0,64,0
21,21-018,North Gower Client Service Centre - Adv 2,0,197,0,0,11,0,0,26,0,0,0,0,0,14,84,0,0,0,2,0,60,0
21,21-019,Richmond Arena - Adv 2,0,389,1,0,17,0,0,59,0,0,0,0,0,20,183,0,0,0,2,1,106,0
22,22-001,Ecole secondaire catholique Pierre-Savard,2500,897,1,5,103,0,0,65,2,0,0,0,0,33,258,0,3,0,1,2,424,0
22,22-002,The Court at Barrhaven Residence,123,66,0,0,11,0,1,6,1,0,0,1,0,1,16,0,0,1,0,2,25,1
22,22-003,St. Emily Catholic School,2148,724,5,7,86,2,2,35,2,2,2,2,0,8,173,1,1,1,1,2,390,2
22,22-004,Carleton Lodge,148,41,0,0,3,0,0,5,0,0,1,0,0,0,22,0,0,0,0,0,10,0
22,22-005,Farley Mowat Public School,3143,867,5,2,113,0,3,63,1,0,1,0,2,18,203,0,2,0,3,3,447,1
22,22-006,Prince of Wales Manor,88,36,0,0,3,0,0,3,0,0,0,0,0,0,6,0,0,0,1,2,21,0
22,22-007,Adrienne Clarkson Elementary School,3321,1237,4,7,126,2,1,115,1,0,0,1,0,50,285,4,1,0,5,3,629,3
22,22-008,St. Andrew Catholic School,3154,1170,4,5,108,3,1,99,0,1,1,0,0,25,297,3,0,2,5,3,609,4
22,22-009,St. Jerome Catholic School,2937,1161,3,1,133,1,4,71,0,0,0,0,2,31,338,1,0,0,4,6,566,0
22,22-010,St. Francis Xavier High School,3017,1150,5,2,137,1,1,69,1,0,0,0,1,26,231,2,2,0,5,6,661,0
22,22-011,Fred G. Barrett Arena,2036,731,3,4,92,0,4,39,0,1,0,0,0,17,203,0,3,0,4,1,360,0
22,22-012,Southpointe Community Centre - Adv 1,0,269,4,0,4,0,1,50,1,0,0,0,0,3,71,0,0,0,2,3,130,0
22,22-013,Rideauview Community Centre - Adv 1,0,191,0,0,12,0,0,20,0,0,0,1,2,6,56,0,0,0,0,0,94,0
22,22-014,Fred G. Barrett Arena - Adv 1,0,25,1,0,1,0,0,6,0,0,0,0,0,1,4,0,0,0,0,0,12,0
22,22-015,Southpointe Community Centre - Adv 2,0,383,1,1,22,0,2,44,1,1,0,0,1,5,93,1,1,0,1,1,208,0
22,22-016,Rideauview Community Centre - Adv 2,0,275,0,0,15,0,1,21,0,0,0,0,0,17,88,0,0,0,1,1,131,0
22,22-017,Fred G. Barrett Arena - Adv 2,0,98,0,1,7,0,2,10,0,1,0,0,0,6,28,0,0,0,0,1,42,0
23,23-001,Ecole catholique Roger Saint-Denis,2481,965,2,3,173,2,1,68,1,0,0,0,0,23,197,2,1,0,4,5,481,2
23,23-002,Kanata Baptist Church,2988,1080,4,2,153,3,1,93,0,2,0,0,0,39,246,1,0,1,9,0,525,1
23,23-003,Holy Trinity Catholic High School,3554,1414,1,0,185,0,0,121,0,1,1,0,0,57,380,0,1,1,8,7,646,5
23,23-004,Empress Kanata Retirement Residence,67,31,1,0,1,0,0,5,0,1,0,0,0,0,9,0,1,0,0,0,13,0
23,23-005,Garden Terrace Long Term Care,144,32,0,0,1,1,1,1,0,0,0,0,0,1,10,0,0,1,0,0,16,0
23,23-006,Glen Cairn Community Centre,3813,1490,3,1,183,6,0,166,0,1,0,1,0,55,423,2,4,0,12,3,628,2
23,23-007,Kanata Retirement Residence,92,61,0,0,0,0,2,9,0,1,0,0,0,0,15,0,0,1,0,0,33,0
23,23-008,Glen Cairn United Church,2861,1178,2,4,133,1,1,138,2,2,1,1,0,47,308,1,3,2,2,1,528,1
23,23-009,St. James Catholic School,2711,992,2,3,115,1,1,85,1,0,0,0,1,27,263,0,2,0,6,2,483,0
23,23-010,W.O. Mitchell Elementary School,3212,1487,0,3,183,3,2,125,0,3,0,1,0,26,446,0,3,0,5,5,680,2
23,23-011,Stonehaven Manor Retirement Residence,88,71,1,0,7,1,0,6,1,0,0,0,0,0,18,0,0,0,0,1,36,0
23,23-012,Eva James Memorial Recreation Centre,3195,1381,1,5,187,1,3,117,1,6,0,1,0,39,392,1,2,2,2,1,617,3
23,23-013,Ecole elementaire Elisabeth-Bruyere,2106,896,3,0,106,1,2,55,0,0,0,1,1,21,229,0,0,0,1,3,471,2
23,23-014,St. Anne Catholic School,2798,1075,3,5,100,3,2,77,0,1,1,0,0,40,285,3,2,2,4,7,538,2
23,23-015,Bridlewood Church of the Nazarene,299,142,0,0,11,1,0,11,0,1,0,0,0,3,50,0,0,0,4,1,59,1
23,23-016,Fairfield Manor - Adv 2,0,13,0,0,0,0,0,4,0,0,0,0,0,0,5,0,0,0,1,0,3,0
23,23-017,Bridlewood Trails Retirement - Adv 2,0,34,0,0,0,0,0,6,0,0,0,0,0,0,10,0,0,0,0,0,18,0
23,23-018,Eva James Memorial R.C. - Adv 1,0,682,3,0,36,0,1,158,0,0,0,0,0,18,194,2,0,0,1,1,268,0
23,23-019,Glen Cairn Community Centre - Adv 2,0,994,3,0,72,0,1,109,0,1,0,0,0,35,313,2,0,0,4,1,452,1
3,03-001,Cedarview Middle School,3197,1295,4,2,146,1,4,120,0,2,0,0,0,34,382,2,1,0,5,2,586,4
3,03-002,St. Patrick Catholic School,2867,1047,1,1,118,0,2,129,2,1,0,0,0,28,273,0,1,0,6,4,478,3
3,03-003,St. Elizabeth Ann Seton Catholic School,3756,1566,2,2,138,0,1,170,1,1,0,0,1,36,420,0,3,0,7,6,776,2
3,03-004,John McCrae Secondary School,3477,1248,4,1,161,1,2,160,0,2,1,1,1,55,292,2,1,1,3,2,556,2
3,03-005,St. Luke Catholic School ,3319,1201,4,4,112,0,0,126,2,2,1,1,0,37,315,3,0,1,7,5,580,1
3,03-006,Haven Baptist Church ,1768,722,2,2,78,1,0,72,0,1,0,0,0,32,203,1,2,0,2,3,322,1
3,03-007,Ottawa Christian School,2867,976,6,1,101,0,2,81,1,1,2,0,0,30,300,0,2,1,2,3,443,0
3,03-008,Barrhaven United Church ,2012,640,6,0,82,0,3,77,1,1,0,0,0,19,163,4,1,0,4,3,275,1
3,03-009,Barrhaven Manor,90,39,0,0,1,0,1,8,0,1,0,0,0,0,11,0,0,0,0,0,17,0
3,03-010,Mother Teresa Catholic School,3410,1208,4,3,139,2,2,100,2,1,0,0,0,37,281,0,2,0,4,3,627,1
3,03-011,Longfields Manor,114,22,0,0,1,0,1,4,0,0,0,0,0,0,8,0,0,0,0,0,8,0
3,03-012,Ecole publique Michaelle-Jean,3119,1172,3,11,109,0,1,93,0,1,0,1,1,41,287,2,1,0,1,8,609,3
3,03-013,Pierre Elliot Trudeau School - Adv 1,0,460,0,2,23,0,2,67,0,1,0,0,0,8,97,0,1,1,1,2,255,0
3,03-014,Walter Baker Sports Centre - Adv 2,0,932,0,3,58,1,5,98,1,0,0,0,0,37,303,0,5,0,4,5,411,1
4,04-001,Jack Donohue Public School,1918,695,2,7,70,3,1,44,0,0,0,0,0,8,176,1,1,0,5,1,374,2
4,04-002,St. John's Anglican Church,3626,1217,4,10,174,2,2,78,2,3,0,0,0,29,343,2,2,0,3,8,554,1
4,04-003,Ecole elementaire publique Kanata ,2074,754,6,0,106,2,0,52,4,2,3,0,0,17,194,2,0,0,5,3,358,0
4,04-004,Chartwell Kanata Retirement Residence ,69,45,0,0,0,0,0,3,1,0,0,0,0,0,8,0,0,0,0,0,33,0
4,04-005,All Saints Catholic High School,3776,1502,2,1,176,1,2,108,3,1,0,0,1,30,428,3,1,0,7,10,723,5
4,04-006,Walden Village Retirement Residence ,69,41,0,0,4,0,0,1,1,0,0,0,0,0,9,0,0,1,0,0,25,0
4,04-007,W. Erskine Johnston Public School ,3084,1359,1,4,236,2,1,97,0,0,0,0,2,26,353,0,2,0,6,3,623,3
4,04-008,Stephen Leacock Public School,3469,1307,1,0,207,0,3,85,0,0,0,1,0,36,352,0,0,0,3,8,611,0
4,04-009,Forest Hill Residence,145,29,2,1,0,1,0,3,1,1,0,0,0,2,8,0,0,0,0,0,10,0
4,04-010,Earl of March Secondary School,2721,968,1,0,145,1,1,54,0,1,0,0,0,18,236,0,0,0,2,6,502,1
4,04-011,Park Ridge Place - Adv 2,0,264,0,0,21,0,1,22,0,0,0,0,0,11,95,0,1,0,1,0,112,0
4,04-012,Royalton Retirement Residence - Adv 2,0,47,0,0,5,0,0,2,0,0,0,0,0,2,23,0,0,0,0,0,15,0
4,04-013,Atriums Apartments - Adv 2,0,144,0,0,9,1,0,18,0,0,0,0,0,6,49,1,0,0,0,1,59,0
4,04-014,Earl of March Secondary School - Adv 1,0,545,2,0,37,0,3,85,0,1,0,1,0,11,156,0,0,1,1,2,244,1
4,04-015,St. John's Anglican Church - Adv 2,0,564,2,0,32,1,0,52,0,0,0,0,0,13,182,1,1,1,2,2,273,2
5,05-001,Constance Buckham's Bay Community Centre,2260,913,1,0,131,0,1,106,1,1,0,0,0,36,309,1,3,0,5,2,315,1
5,05-002,West Carleton Secondary School,2289,931,2,1,121,0,0,97,0,0,0,0,0,33,321,0,1,1,4,5,341,4
5,05-003,St. Isidore Catholic School,2579,1025,0,2,118,1,0,108,0,2,0,0,0,43,355,0,1,0,2,4,388,1
5,05-004,Fitzroy Harbour Community Centre,2406,962,1,1,116,0,1,107,0,1,0,0,1,37,353,0,1,0,4,5,332,2
5,05-005,Kinburn Community Centre,2250,894,2,0,114,1,1,86,0,2,1,1,0,36,353,0,1,1,4,3,288,0
5,05-006,Carp Agricultural Hall,3097,1249,0,0,163,0,0,125,1,0,0,0,0,35,504,0,1,1,1,2,416,0
5,05-007,St. Michael Catholic School (Corkery) ,2858,1101,0,1,129,0,3,108,0,1,1,0,0,47,434,1,5,0,5,6,360,0
5,05-008,Constance Buckham's Bay C.C. - Adv 1,0,123,0,0,11,0,2,29,0,0,0,0,0,3,41,0,0,0,0,0,37,0
5,05-009,Kinburn Community Centre - Adv 1,0,131,0,0,12,0,0,26,0,0,0,0,0,3,57,0,0,0,2,0,31,0
5,05-010,St. Michael Catholic School (Corkery) - Adv 1,0,148,0,0,12,0,1,42,0,1,0,0,0,4,54,0,0,0,0,0,34,0
5,05-011,Fitzroy Harbour Community Centre - Adv 2,0,227,0,0,15,0,1,38,0,0,0,0,0,1,96,0,0,0,0,0,76,0
5,05-012,Carp Agricultural Hall - Adv 2,0,398,0,0,16,0,0,37,1,0,0,0,0,19,195,0,0,0,1,1,128,0
6,06-001,A. Lorne Cassidy Elementary School,3592,1389,2,0,146,0,1,85,0,0,0,0,1,43,499,1,2,0,4,4,601,0
6,06-002,Holy Spirit Elementary School ,3610,1415,0,1,149,1,0,99,0,0,0,0,0,56,535,1,1,3,4,4,559,2
6,06-003,Stittsville Villa Manor,63,71,0,0,4,0,0,5,0,2,1,0,0,1,29,0,1,0,1,0,27,0
6,06-004,Stittsville Community Centre,2007,748,1,0,89,0,0,61,0,1,0,0,0,28,261,2,1,0,2,0,301,1
6,06-005,Guardian Angels Catholic School ,2762,1101,1,5,120,0,3,90,0,1,1,0,0,43,354,2,1,0,3,2,473,2
6,06-006,Granite Ridge,189,38,0,0,2,0,1,2,0,0,0,0,0,0,15,0,0,1,0,0,17,0
6,06-007,Goulbourn Recreation Complex,2686,1030,0,0,100,0,1,66,0,0,0,0,1,30,391,1,0,0,11,1,426,2
6,06-008,Jean Paul II Catholic Elementary School,2561,746,4,1,93,0,0,67,1,3,0,1,0,14,228,2,1,0,4,2,325,0
6,06-009,Stittsville Community Centre - Adv 1,0,494,0,0,23,0,0,99,1,0,0,0,0,15,176,0,0,1,1,1,177,0
6,06-010,Goulbourn Recreation Centre - Adv 2,0,867,1,0,45,0,3,90,0,1,0,0,0,35,396,1,0,1,3,1,289,1
7,07-001,Villa Lucia,647,306,0,0,42,0,0,33,1,0,0,0,0,9,108,0,0,0,0,3,110,0
7,07-002,Riverpark Place,1177,648,0,1,93,0,0,88,1,2,0,0,0,13,133,0,0,0,2,2,311,2
7,07-003,Maki Community Centre ,1389,744,2,0,80,0,1,86,3,1,0,0,0,18,172,0,1,0,2,0,377,1
7,07-004,Lakeview Public School,108,64,0,0,4,0,0,7,0,0,0,0,0,0,16,0,0,0,1,1,34,1
7,07-005,Bayshore Catholic Elementary School,2210,578,4,13,60,2,2,48,1,0,1,0,1,10,108,2,0,0,0,8,318,0
7,07-006,Dr. F.J. McDonald Catholic School ,1252,441,1,7,81,1,1,26,0,4,0,0,1,8,79,0,2,0,2,2,226,0
7,07-007,Michele Heights Community Centre ,1801,438,1,1,71,1,1,34,0,0,0,0,0,10,64,0,0,1,8,6,240,0
7,07-008,Foster Farm Community Centre,2371,696,5,27,82,4,4,48,0,2,2,1,1,8,126,2,1,0,5,6,372,0
7,07-009,Ron Kolbus Lakeside Centre ,1686,653,0,0,149,0,1,46,1,0,0,1,2,13,119,0,0,0,3,5,313,0
7,07-010,Regina Street Public School,2771,591,0,1,112,3,0,43,1,3,1,0,1,9,120,0,0,0,5,6,284,2
7,07-011,Severn Avenue Public School ,2426,1112,2,0,223,1,1,89,0,1,0,0,0,22,253,1,0,1,4,8,504,2
7,07-012,Sterling Place,69,37,0,0,3,0,0,7,0,0,0,0,0,2,8,0,0,0,1,0,16,0
7,07-013,Our Lady of Fatima Church ,3169,722,1,0,142,0,0,62,0,2,0,0,1,16,136,0,2,0,9,3,347,1
7,07-014,Woodroffe Avenue Public School ,1548,701,2,3,124,0,1,32,1,0,0,1,0,6,120,0,1,0,1,3,406,0
7,07-015,Bromley Road Baptist Church ,2033,703,0,1,124,0,0,36,0,0,0,1,0,13,120,0,0,0,2,2,404,0
7,07-016,New Orchard Lodge,93,25,0,0,1,1,1,3,1,1,0,2,0,2,4,0,0,0,0,1,8,0
7,07-017,Central Park Lodge 1 2,145,58,0,0,3,0,0,11,1,0,0,0,0,1,7,0,0,0,0,0,34,1
7,07-018,Carlingview Manor,274,42,0,0,0,0,1,3,0,0,0,0,0,1,8,0,1,0,0,0,28,0
7,07-019,Woodroffe High School,1212,526,0,1,79,0,1,32,1,0,0,0,0,9,132,0,0,0,0,3,268,0
7,07-020,D. Roy Kennedy Public School,2147,988,7,3,167,1,2,66,1,0,2,0,0,17,258,0,1,1,1,3,456,2
7,07-021,The Fairview Apartments - Adv 2,0,57,0,0,5,0,3,4,1,0,1,0,0,2,13,0,1,0,0,2,25,0
7,07-022,Essex Apartments - Adv 2,0,57,0,0,3,0,0,2,1,0,0,0,0,2,10,0,0,1,3,0,34,1
7,07-023,C. C. C. #8 - Adv 2,0,146,0,0,6,0,0,20,0,1,0,0,0,6,47,0,1,0,3,0,62,0
7,07-024,Commodore's Quay - Adv 2,0,65,1,0,3,0,0,13,0,0,0,0,0,2,17,0,0,0,0,0,29,0
7,07-025,Richmond Heights Apartments - Adv 2,0,177,1,0,16,0,1,23,0,0,0,0,0,3,44,1,1,1,0,2,84,0
7,07-026,Marina Bay Apartments - Adv 2,0,161,1,1,10,0,0,9,1,0,0,0,0,5,39,0,1,0,1,3,89,1
7,07-027,The Conservatory Apartments - Adv 2,0,185,0,2,13,0,1,14,1,0,0,0,0,4,68,0,0,0,5,2,75,0
7,07-028,Britannia Condominiums - Adv 2,0,166,0,0,18,1,1,6,1,0,0,0,0,4,55,0,0,0,2,0,76,2
7,07-029,Richmond Park Square Apartments - Adv 2,0,224,1,0,13,0,0,19,0,1,0,0,0,8,56,0,1,0,0,2,123,0
7,07-030,Lincoln Park Towers - Adv 2,0,57,1,0,4,1,1,3,1,0,0,0,0,2,17,1,0,0,0,0,26,0
7,07-031,Regina Towers - Adv 2,0,102,2,1,1,1,1,11,0,0,0,0,0,3,12,0,1,0,1,0,68,0
7,07-032,Northwest One Aprts. (265 Poulin) - Adv 2,0,170,1,0,16,1,1,18,0,0,1,0,0,7,35,0,0,0,2,2,85,1
7,07-033,Northwest One Aprts. (2625 Regina) - Adv 2,0,151,1,0,12,1,0,14,0,1,0,0,0,3,37,0,0,0,2,1,79,0
7,07-034,Voyageur Apartments - Adv 2,0,62,0,0,1,0,1,9,0,0,0,0,0,3,15,0,0,0,0,0,33,0
7,07-035,Halcyon Apartments - Adv 2,0,139,0,0,7,0,0,12,0,0,0,0,0,3,55,0,0,0,0,1,61,0
7,07-036,Park West Apartments - Adv 2,0,94,0,1,11,0,0,11,0,0,0,0,0,2,18,0,0,0,0,1,50,0
7,07-037,McEwen Terrace Apartments - Adv 2,0,96,1,0,3,0,2,9,0,0,0,0,0,2,15,0,0,1,1,3,58,1
7,07-038,Park Place Apartments - Adv 2,0,145,0,0,24,0,1,21,0,0,0,0,0,6,33,0,0,0,0,1,59,0
7,07-039,River Park Terrace - Adv 2,0,28,0,0,1,0,1,7,0,0,0,0,0,2,4,0,0,0,2,0,11,0
7,07-040,Ambleside III Apartments - Adv 2,0,111,0,0,7,0,1,9,0,0,0,0,1,3,32,0,0,0,0,1,57,0
7,07-041,Ambleside I Apartments - Adv 2,0,224,0,0,24,1,3,17,0,0,0,0,1,5,57,0,0,1,2,1,111,1
7,07-042,Ambleside II Apartments - Adv 2,0,243,0,1,17,0,0,21,0,0,0,0,0,10,78,0,0,0,0,1,115,0
7,07-043,Saville Apartments - Adv 2,0,173,0,0,8,0,1,13,1,0,0,0,0,6,43,0,0,1,1,4,95,0
7,07-044,Somerset Towers Apartments - Adv 2,0,186,1,0,27,0,1,16,0,1,0,1,0,4,40,0,0,0,3,0,92,0
7,07-045,Bromley Square Apartments - Adv 2,0,66,0,0,8,0,0,9,0,0,0,0,0,2,14,0,0,0,1,0,32,0
7,07-046,Edgeworth Apartments - Adv 2,0,49,0,0,11,0,0,9,0,0,0,0,0,3,10,0,1,0,1,0,14,0
7,07-047,Bayshore Catholic School - Adv 1,0,584,2,3,52,1,2,71,0,1,0,1,0,5,133,0,1,1,5,5,301,0
7,07-048,St. Paul's Presbyterian Church - Adv 2,0,536,1,2,49,0,0,46,0,0,0,0,0,6,142,1,0,0,2,2,285,0
8,08-001,Grant Alternative School,1540,733,2,0,81,0,0,63,0,0,0,0,0,12,233,0,0,0,1,0,340,1
8,08-002,St. Paul Catholic High School,1804,555,2,1,83,0,0,47,1,1,0,3,1,8,115,0,1,1,5,3,283,0
8,08-003,Pinecrest Recreation Complex,3298,1244,6,8,167,1,0,97,0,2,0,0,0,35,323,1,2,0,10,9,579,4
8,08-004,West End Villa,233,71,1,2,5,0,4,2,0,1,0,0,1,1,21,0,0,0,1,0,29,3
8,08-005,Trinity United Church,3637,1318,4,1,233,1,2,82,1,0,1,1,0,34,286,1,1,2,4,6,657,1
8,08-006,Extendicare Medex,180,29,1,1,1,0,0,3,0,0,0,0,0,2,10,0,0,1,0,0,10,0
8,08-007,Ecole elementaire Charlotte-Lemieux,2344,924,1,1,128,0,3,72,0,0,0,0,0,24,200,2,1,1,3,7,481,0
8,08-008,Leslie Park Public School,2364,801,0,0,104,0,1,66,0,3,0,0,0,23,184,0,1,0,4,3,412,0
8,08-009,Briargreen Public School,1292,659,1,2,109,0,2,56,1,0,0,0,0,17,167,1,0,0,1,1,301,0
8,08-010,Bethany Baptist Church,1482,445,0,0,37,0,0,29,0,0,0,0,0,7,117,1,2,0,1,4,246,1
8,08-011,Sir Guy Carleton High School,3948,1469,3,2,194,2,2,102,2,1,2,0,1,35,398,1,1,1,4,5,712,1
8,08-012,Crystal View Lodge,123,81,0,0,7,0,0,11,0,0,0,1,0,0,20,0,1,0,1,0,40,0
8,08-013,Peter D. Clark Long-Term Care Home,54,20,1,0,1,0,1,0,0,0,0,0,0,0,8,0,0,0,0,0,9,0
8,08-014,Aventura II,675,119,0,0,21,0,0,14,0,0,0,1,0,2,19,1,0,0,1,1,59,0
8,08-015,St. Gregory Catholic School,2760,1275,6,1,143,3,1,123,1,0,0,1,0,24,352,2,0,1,2,9,605,1
8,08-016,Elizabeth Wyn Wood School,1732,726,3,2,86,0,1,83,0,1,0,0,0,22,170,1,3,0,3,7,344,0
8,08-017,Extendicare Starwood,172,24,0,0,2,1,1,0,0,1,1,0,0,0,6,0,0,1,0,0,11,0
8,08-018,Meadowlands Public School,1420,562,3,0,58,0,0,73,0,0,0,2,0,17,156,0,2,0,1,2,245,3
8,08-019,Queensway Carleton Hospital,0,0,0,0,0,0,0,0,0,0,0,0,0,0,0,0,0,0,0,0,0,0
8,08-020,Silver Spring Farm,0,0,0,0,0,0,0,0,0,0,0,0,0,0,0,0,0,0,0,0,0,0
8,08-021,Lynwood Park Lodge Retirement Residence,128,91,0,0,4,0,0,20,0,0,0,0,1,1,24,0,0,0,1,0,40,0
8,08-022,Thorncliffe Place Retirement Home,54,26,0,1,0,0,0,5,0,0,0,0,0,1,6,0,0,0,0,0,13,0
8,08-023,Our Lady of Peace Catholic School,2099,821,1,2,128,1,0,116,0,1,0,0,0,23,224,0,2,0,7,6,309,1
8,08-024,Robertson House Retirement Residence,68,31,0,0,5,0,0,5,0,0,0,0,0,0,4,0,1,0,1,0,15,0
8,08-025,College catholique Franco-Ouest,3277,1062,0,4,188,1,1,105,0,0,2,1,0,25,245,1,4,0,6,10,467,2
8,08-026,D. Aubrey Moodie Intermediate School,1806,848,0,1,133,1,1,113,1,0,0,0,0,23,224,1,0,0,1,2,346,1
8,08-027,Stillwater Creek Retirement Community,188,127,0,0,32,0,0,9,0,0,0,0,0,2,37,0,1,0,0,0,45,1
8,08-028,The Redwoods Retirement Residence,167,107,0,1,14,0,1,14,0,0,0,0,0,1,25,0,0,0,1,0,50,0
8,08-029,Manor Gardens Apartments - Adv 2,0,141,0,1,10,1,0,23,0,0,0,0,0,2,42,1,0,0,0,0,61,0
8,08-030,Manor House Apartments - Adv 2,0,154,0,0,10,0,0,19,0,0,0,0,0,1,65,0,0,0,0,0,59,0
8,08-031,Manor Square Apartments - Adv 2,0,143,0,0,8,0,1,14,0,0,0,0,0,1,43,0,2,0,0,0,74,0
8,08-032,Sophia I Apartments - Adv 2,0,118,1,0,14,0,0,17,0,0,0,0,0,1,31,0,0,0,0,0,54,0
8,08-033,Sophia II Apartments - Adv 2,0,68,0,0,5,0,0,13,0,0,0,0,0,1,17,0,0,0,0,0,32,0
8,08-034,Valley Stream Manor - Adv 2,0,23,0,0,0,0,0,6,0,0,0,0,0,0,6,0,0,0,2,1,8,0
8,08-035,Pinecrest Recreation Complex - Adv 1,0,476,0,0,23,0,0,95,0,1,0,0,0,0,113,0,1,0,2,2,239,0
8,08-036,D. Aubrey Moodie Inter. School - Adv 1,0,172,0,0,13,0,0,41,0,0,0,0,0,5,50,0,0,0,2,0,61,0
8,08-037,Pinecrest Recreation Complex - Adv 2,0,755,3,1,43,0,0,73,0,1,0,0,0,24,246,0,2,0,2,4,355,1
8,08-038,College catholique Franco-Ouest - Adv 2,0,192,1,0,22,1,0,21,0,2,0,0,0,4,62,0,0,0,1,1,77,0
9,09-001,Greenbank Middle School,3957,1714,3,4,254,4,2,163,0,2,1,0,1,30,475,2,2,0,6,5,757,3
9,09-002,Sir Robert Borden High School,2749,1036,1,4,129,2,1,102,0,0,0,1,1,27,316,2,0,0,2,0,445,3
9,09-003,Pope John XXIII Catholic School,1211,555,0,2,71,2,0,65,0,0,0,0,0,17,161,0,0,0,0,2,234,1
9,09-004,Manordale Public School,2258,715,2,2,86,0,1,93,1,0,2,0,1,15,215,1,5,0,5,3,281,2
9,09-005,Confederation Education Centre,3392,1023,0,4,127,1,0,105,0,0,0,0,4,35,262,1,2,1,5,6,468,2
9,09-006,Villa Marconi,87,15,2,0,0,0,0,3,0,1,0,0,0,0,4,0,0,0,0,0,5,0
9,09-007,Parkwood Presbyterian Church,2335,953,5,1,151,2,1,66,2,1,0,2,0,20,234,0,0,0,4,2,462,0
9,09-008,Calvin Christian Reformed Church,2439,967,7,6,134,1,2,78,1,4,0,0,0,17,247,3,3,0,5,8,451,0
9,09-009,St. Mark's Anglican Church,1765,666,1,11,100,0,2,48,2,1,0,0,0,22,158,3,3,0,2,5,308,0
9,09-010,Ecole secondaire publique Omer-Deslauriers,1745,768,2,0,81,0,0,45,1,0,0,0,1,23,188,0,1,0,0,2,422,2
9,09-011,Frank Ryan Catholic Snr. Elementary School,2705,939,3,11,136,1,3,114,1,2,0,0,0,32,222,0,2,0,7,7,395,3
9,09-012,The Metropolitan Church,3201,1247,4,2,198,1,0,104,1,0,1,0,0,31,332,0,0,0,4,4,564,1
9,09-013,Medhurst Apartments - Adv 2,0,61,0,0,6,0,2,6,1,0,0,0,0,0,17,0,0,0,0,0,29,0
9,09-014,Horizon House - Adv 2,0,67,0,0,7,0,0,8,0,0,0,0,0,0,24,0,0,0,0,0,28,0
9,09-015,Chesterton Towers - Adv 2,0,127,3,0,10,0,1,20,0,0,0,0,0,2,32,0,0,0,0,0,59,0
9,09-016,West Park Condominiums - Adv 2,0,153,0,0,7,1,1,27,0,0,0,0,0,3,52,0,0,0,1,0,60,1
9,09-017,The Ravines Retirement Residence - Adv 2,0,45,0,0,0,0,0,9,0,0,0,0,0,0,17,0,0,0,0,1,18,0
9,09-018,Sir Robert Borden High School - Adv 1,0,328,0,0,21,1,0,63,1,0,0,0,0,10,64,0,1,0,0,1,166,0
9,09-019,Calvin Christian Reformed Church - Adv 1,0,258,0,0,14,0,1,62,0,0,0,0,0,2,63,0,0,0,0,0,116,0
9,09-020,Confederation Education Centre - Adv 2,0,632,0,0,51,1,0,100,0,1,0,0,0,15,186,2,1,0,2,1,272,0